name,formula,category,equation_type,coeffs,tier,Tmin_K,Tmax_K,molar_mass_gmol,unit,source,note
"Iron (alpha, bcc)",Fe,Metals & Alloys,shomate,"{""A"": 18.42868, ""B"": 24.64301, ""C"": -8.91372, ""D"": 9.664706, ""E"": -0.012643}",1,298.15,700.0,55.845,molar,"NIST-JANAF Thermochemical Tables (Chase, 1998), via NIST Chemistry WebBook SRD 69 (webbook.nist.gov, species Fe, CAS 7439-89-6) - fetched directly",Directly retrieved Shomate segment. Cp(298)=25.09 J/mol.K matches table.
"Iron (alpha, bcc, Curie region)",Fe,Metals & Alloys,shomate,"{""A"": -57767.65, ""B"": 137919.7, ""C"": -122773.2, ""D"": 38682.42, ""E"": 3993.08}",1,700.0,1042.0,55.845,molar,"NIST-JANAF Thermochemical Tables (Chase, 1998), via NIST Chemistry WebBook SRD 69 - fetched directly","Captures the magnetic (Curie, ~1043K) lambda-anomaly in Cp - good phase/anomaly-indicator demo."
"Iron (delta, bcc)",Fe,Metals & Alloys,shomate,"{""A"": -776.7387, ""B"": 919.4005, ""C"": -383.7184, ""D"": 57.08148, ""E"": 242.1369}",1,1100.0,1809.0,55.845,molar,"NIST-JANAF Thermochemical Tables (Chase, 1998), via NIST Chemistry WebBook SRD 69 - fetched directly",
Aluminium,Al,Metals & Alloys,kelley,"{""a"": 20.67, ""b"": 12.38, ""c"": 0}",2,298.0,932.0,26.982,molar,"Kelley eqn., Kubaschewski & Alcock, Metallurgical Thermochemistry / Gaskell, Introduction to Metallurgical Thermodynamics (App.) - cross-checked vs Cp(298K)=24.35 J/mol.K",
Copper,Cu,Metals & Alloys,kelley,"{""a"": 22.64, ""b"": 6.28, ""c"": 0}",2,298.0,1357.0,63.546,molar,"Kelley eqn., Kubaschewski & Alcock / Gaskell App. - cross-checked vs Cp(298K)=24.44 J/mol.K",
Zinc,Zn,Metals & Alloys,kelley,"{""a"": 22.38, ""b"": 10.04, ""c"": 0}",2,298.0,692.0,65.38,molar,"Kelley eqn., Kubaschewski & Alcock / Gaskell App. - cross-checked vs Cp(298K)=25.4 J/mol.K",
Lead,Pb,Metals & Alloys,kelley,"{""a"": 23.56, ""b"": 9.75, ""c"": 0}",2,298.0,600.0,207.2,molar,"Kelley eqn., Kubaschewski & Alcock / Gaskell App. - cross-checked vs Cp(298K)=26.4 J/mol.K",
"Titanium (alpha, hcp)",Ti,Metals & Alloys,kelley,"{""a"": 22.09, ""b"": 10.04, ""c"": 0}",2,298.0,1155.0,47.867,molar,"Kelley eqn., Kubaschewski & Alcock / Gaskell App. - cross-checked vs Cp(298K)=25.0 J/mol.K",
Chromium,Cr,Metals & Alloys,kelley,"{""a"": 24.43, ""b"": 9.87, ""c"": -3.67}",2,298.0,1093.0,51.996,molar,"Kelley eqn., Kubaschewski & Alcock / Gaskell App. - cross-checked vs Cp(298K)=23.35 J/mol.K",
Molybdenum,Mo,Metals & Alloys,kelley,"{""a"": 24.73, ""b"": 3.94, ""c"": -1.53}",2,298.0,2890.0,95.95,molar,"Kelley eqn., Kubaschewski & Alcock / Gaskell App. - cross-checked vs Cp(298K)=24.06 J/mol.K",
Manganese (alpha),Mn,Metals & Alloys,kelley,"{""a"": 23.85, ""b"": 8.87, ""c"": 0}",2,298.0,1000.0,54.938,molar,"Kelley eqn., Kubaschewski & Alcock / Gaskell App. - cross-checked vs Cp(298K)=26.3 J/mol.K",
Magnesium,Mg,Metals & Alloys,kelley,"{""a"": 22.3, ""b"": 10.13, ""c"": 0}",2,298.0,923.0,24.305,molar,"Kelley eqn., Kubaschewski & Alcock / Gaskell App. - cross-checked vs Cp(298K)=24.9 J/mol.K",
Gold,Au,Metals & Alloys,kelley,"{""a"": 23.68, ""b"": 5.19, ""c"": 0}",2,298.0,1336.0,196.97,molar,"Kelley eqn., Kubaschewski & Alcock / Gaskell App. - cross-checked vs Cp(298K)=25.4 J/mol.K",
Graphite (carbon),C,Metals & Alloys,kelley,"{""a"": 17.15, ""b"": 4.27, ""c"": -8.79}",2,298.0,2300.0,12.011,molar,"Kelley eqn., Kubaschewski & Alcock - cross-checked vs Cp(298K)=8.5 J/mol.K (excellent agreement)",Classic 'low Cp' covalent-solid example.
Nickel,Ni,Metals & Alloys,linear,"{""c0"": 26.07, ""c1"": 0.006}",3,298.0,600.0,58.693,molar,"Anchor Cp(298K)=26.07 J/mol.K (standard reference value); simple representative slope - remembered Kelley coefficients failed cross-check, replaced with anchor model",
Silver,Ag,Metals & Alloys,linear,"{""c0"": 25.35, ""c1"": 0.004}",3,298.0,1234.0,107.87,molar,Anchor Cp(298K)=25.35 J/mol.K; representative slope - verify against NIST-JANAF before submission,
Tungsten,W,Metals & Alloys,linear,"{""c0"": 24.27, ""c1"": 0.0025}",3,298.0,3650.0,183.84,molar,Anchor Cp(298K)=24.27 J/mol.K; representative slope - verify against NIST-JANAF before submission,
Stainless Steel 304,-,Metals & Alloys,linear,"{""c0"": 0.5, ""c1"": 0.00015}",3,298.0,900.0,,specific,"Typical room-T specific heat, MatWeb / ASM Metals Handbook Vol.2 (representative single value) - mild linear rise assumed above RT",Alloy - composition-dependent; treat as approximate.
Mild Steel (AISI 1020),-,Metals & Alloys,linear,"{""c0"": 0.486, ""c1"": 0.00015}",3,298.0,900.0,,specific,"Typical room-T specific heat, MatWeb / ASM Metals Handbook Vol.2 (representative single value) - mild linear rise assumed above RT",Alloy - composition-dependent; treat as approximate.
Ti-6Al-4V,-,Metals & Alloys,linear,"{""c0"": 0.526, ""c1"": 0.00015}",3,298.0,900.0,,specific,"Typical room-T specific heat, MatWeb / ASM Metals Handbook Vol.2 (representative single value) - mild linear rise assumed above RT",Alloy - composition-dependent; treat as approximate.
Inconel 718 (Ni superalloy),-,Metals & Alloys,linear,"{""c0"": 0.435, ""c1"": 0.00015}",3,298.0,900.0,,specific,"Typical room-T specific heat, MatWeb / ASM Metals Handbook Vol.2 (representative single value) - mild linear rise assumed above RT",Alloy - composition-dependent; treat as approximate.
Brass (70Cu-30Zn),-,Metals & Alloys,linear,"{""c0"": 0.38, ""c1"": 0.00015}",3,298.0,900.0,,specific,"Typical room-T specific heat, MatWeb / ASM Metals Handbook Vol.2 (representative single value) - mild linear rise assumed above RT",Alloy - composition-dependent; treat as approximate.
Bronze (90Cu-10Sn),-,Metals & Alloys,linear,"{""c0"": 0.38, ""c1"": 0.00015}",3,298.0,900.0,,specific,"Typical room-T specific heat, MatWeb / ASM Metals Handbook Vol.2 (representative single value) - mild linear rise assumed above RT",Alloy - composition-dependent; treat as approximate.
Duralumin (2024-T3),-,Metals & Alloys,linear,"{""c0"": 0.875, ""c1"": 0.00015}",3,298.0,900.0,,specific,"Typical room-T specific heat, MatWeb / ASM Metals Handbook Vol.2 (representative single value) - mild linear rise assumed above RT",Alloy - composition-dependent; treat as approximate.
Al-Si Casting Alloy (A356),-,Metals & Alloys,linear,"{""c0"": 0.963, ""c1"": 0.00015}",3,298.0,900.0,,specific,"Typical room-T specific heat, MatWeb / ASM Metals Handbook Vol.2 (representative single value) - mild linear rise assumed above RT",Alloy - composition-dependent; treat as approximate.
Aluminium Oxide (Corundum),Al2O3,Ceramics,kelley,"{""a"": 106.6, ""b"": 17.78, ""c"": -28.53}",2,298.0,1800.0,101.96,molar,"Kelley eqn., Kubaschewski & Alcock - cross-checked vs Cp(298K)=79.0 J/mol.K",
Magnesium Oxide (Periclase),MgO,Ceramics,kelley,"{""a"": 42.59, ""b"": 7.28, ""c"": -6.19}",2,298.0,2000.0,40.3,molar,"Kelley eqn., Kubaschewski & Alcock - cross-checked vs Cp(298K)=37.4 J/mol.K",
Silicon Dioxide (alpha-Quartz),SiO2,Ceramics,kelley,"{""a"": 46.94, ""b"": 34.31, ""c"": -11.3}",2,298.0,848.0,60.084,molar,"Kelley eqn., Kubaschewski & Alcock - cross-checked vs Cp(298K)=44.4 J/mol.K",848K = alpha-beta quartz inversion (Tmax = phase-transition warning point).
Calcium Oxide (Lime),CaO,Ceramics,kelley,"{""a"": 41.84, ""b"": 20.29, ""c"": -4.52}",2,298.0,1800.0,56.077,molar,"Kelley eqn., Kubaschewski & Alcock - cross-checked vs Cp(298K)=42.0 J/mol.K",
Zirconium Dioxide (Zirconia),ZrO2,Ceramics,kelley,"{""a"": 69.62, ""b"": 7.53, ""c"": -14.06}",2,298.0,1478.0,123.22,molar,"Kelley eqn., Kubaschewski & Alcock - cross-checked vs Cp(298K)=56.2 J/mol.K",1478K = monoclinic-tetragonal inversion.
Titanium Dioxide (Rutile),TiO2,Ceramics,kelley,"{""a"": 75.19, ""b"": 1.17, ""c"": -18.2}",2,298.0,1800.0,79.87,molar,"Kelley eqn., Kubaschewski & Alcock - cross-checked vs Cp(298K)=55.0 J/mol.K",
Iron(III) Oxide (Hematite),Fe2O3,Ceramics,kelley,"{""a"": 98.28, ""b"": 77.82, ""c"": -14.85}",2,298.0,950.0,159.69,molar,"Kelley eqn., Kubaschewski & Alcock - cross-checked vs Cp(298K)=103.9 J/mol.K",
Chromium(III) Oxide,Cr2O3,Ceramics,linear,"{""c0"": 120.0, ""c1"": 0.018}",3,298.0,1200.0,151.99,molar,"Anchor Cp(298K)=120 J/mol.K; remembered Kelley coefficients failed cross-check, replaced with anchor model",
Nickel(II) Oxide,NiO,Ceramics,linear,"{""c0"": 44.3, ""c1"": 0.008}",3,298.0,1200.0,74.69,molar,Anchor Cp(298K)=44.3 J/mol.K; anchor model - verify before submission,
Copper(II) Oxide,CuO,Ceramics,linear,"{""c0"": 42.3, ""c1"": 0.01}",3,298.0,1300.0,79.545,molar,Anchor Cp(298K)=42.3 J/mol.K; anchor model - verify before submission,
Boron Nitride (hexagonal),BN,Ceramics,linear,"{""c0"": 19.7, ""c1"": 0.01}",3,298.0,1800.0,24.82,molar,Anchor Cp(298K)=19.7 J/mol.K (CRC Handbook-typical); anchor model,
Diboron Trioxide,B2O3,Ceramics,linear,"{""c0"": 62.8, ""c1"": 0.02}",3,298.0,723.0,69.62,molar,Anchor Cp(298K)~62.8 J/mol.K; anchor model,
Silicon Nitride,Si3N4,Ceramics,const,"{""c0"": 0.71}",3,298.0,1500.0,,specific,"Typical engineering Cp, MatWeb/AZoM (near-constant approx near RT)",
Mullite,3Al2O3.2SiO2,Ceramics,linear,"{""c0"": 0.79, ""c1"": 0.0002}",3,298.0,1800.0,,specific,"Typical refractory-ceramics handbook value, representative linear rise",
Silicon,Si,Semiconductors,kelley,"{""a"": 23.93, ""b"": 2.29, ""c"": -3.55}",2,298.0,1685.0,28.085,molar,"Kelley/JANAF-type eqn. cross-checked vs Cp(298K)=20.0 J/mol.K (Desai, C.C., J. Phys. Chem. Ref. Data 1986)",
Germanium,Ge,Semiconductors,linear,"{""c0"": 23.4, ""c1"": 0.004}",3,298.0,1210.0,72.63,molar,Anchor Cp(298K)=23.4 J/mol.K; anchor model,
Silicon Carbide (semiconductor grade),SiC,Semiconductors,linear,"{""c0"": 26.9, ""c1"": 0.006}",3,298.0,3100.0,40.1,molar,"Anchor Cp(298K)=26.9 J/mol.K; remembered Kelley coefficients failed cross-check, replaced with anchor model",
Gallium Arsenide,GaAs,Semiconductors,linear,"{""c0"": 47.0, ""c1"": 0.003}",3,298.0,1511.0,144.64,molar,Anchor Cp(298K)~47 J/mol.K (representative); verify before submission,
Gallium Nitride,GaN,Semiconductors,linear,"{""c0"": 35.3, ""c1"": 0.004}",3,298.0,2500.0,83.73,molar,Anchor Cp(298K)~35.3 J/mol.K (representative); verify before submission,
Indium Phosphide,InP,Semiconductors,linear,"{""c0"": 46.8, ""c1"": 0.003}",3,298.0,1335.0,145.79,molar,Anchor Cp(298K)~46.8 J/mol.K (representative); verify before submission,
Cadmium Telluride,CdTe,Semiconductors,linear,"{""c0"": 49.6, ""c1"": 0.003}",3,298.0,1365.0,240.01,molar,Anchor Cp(298K)~49.6 J/mol.K (representative); verify before submission,
Gallium,Ga,Semiconductors,linear,"{""c0"": 25.86, ""c1"": 0.002}",3,298.0,303.0,69.72,molar,"Anchor Cp(298K)=25.86 J/mol.K (elemental Ga, low-melting semiconducting-industry metal)",
High-Density Polyethylene,HDPE,Polymers,linear,"{""c0"": 2.3, ""c1"": 0.003}",2,200.0,393.0,,specific,Room/near-RT specific heat from Mark's Polymer Data Handbook / ATHAS Databank (Wunderlich group) typical values; linear trend representative of solid-state behaviour below melt/Tg,
Low-Density Polyethylene,LDPE,Polymers,linear,"{""c0"": 2.3, ""c1"": 0.003}",2,200.0,373.0,,specific,Room/near-RT specific heat from Mark's Polymer Data Handbook / ATHAS Databank (Wunderlich group) typical values; linear trend representative of solid-state behaviour below melt/Tg,
Polypropylene,PP,Polymers,linear,"{""c0"": 1.85, ""c1"": 0.0035}",2,250.0,438.0,,specific,Room/near-RT specific heat from Mark's Polymer Data Handbook / ATHAS Databank (Wunderlich group) typical values; linear trend representative of solid-state behaviour below melt/Tg,
Polystyrene,PS,Polymers,linear,"{""c0"": 1.2, ""c1"": 0.0025}",2,250.0,400.0,,specific,Room/near-RT specific heat from Mark's Polymer Data Handbook / ATHAS Databank (Wunderlich group) typical values; linear trend representative of solid-state behaviour below melt/Tg,
Poly(methyl methacrylate),PMMA,Polymers,linear,"{""c0"": 1.42, ""c1"": 0.0022}",2,250.0,400.0,,specific,Room/near-RT specific heat from Mark's Polymer Data Handbook / ATHAS Databank (Wunderlich group) typical values; linear trend representative of solid-state behaviour below melt/Tg,
Polyvinyl Chloride,PVC,Polymers,linear,"{""c0"": 1.0, ""c1"": 0.002}",2,250.0,355.0,,specific,Room/near-RT specific heat from Mark's Polymer Data Handbook / ATHAS Databank (Wunderlich group) typical values; linear trend representative of solid-state behaviour below melt/Tg,
Polytetrafluoroethylene (Teflon),PTFE,Polymers,linear,"{""c0"": 1.0, ""c1"": 0.0022}",2,220.0,600.0,,specific,Room/near-RT specific heat from Mark's Polymer Data Handbook / ATHAS Databank (Wunderlich group) typical values; linear trend representative of solid-state behaviour below melt/Tg,
Nylon 6 (Polyamide),PA6,Polymers,linear,"{""c0"": 1.7, ""c1"": 0.0028}",2,250.0,495.0,,specific,Room/near-RT specific heat from Mark's Polymer Data Handbook / ATHAS Databank (Wunderlich group) typical values; linear trend representative of solid-state behaviour below melt/Tg,
Polycarbonate,PC,Polymers,linear,"{""c0"": 1.2, ""c1"": 0.0025}",2,250.0,425.0,,specific,Room/near-RT specific heat from Mark's Polymer Data Handbook / ATHAS Databank (Wunderlich group) typical values; linear trend representative of solid-state behaviour below melt/Tg,
Polyethylene Terephthalate,PET,Polymers,linear,"{""c0"": 1.0, ""c1"": 0.0025}",2,250.0,523.0,,specific,Room/near-RT specific heat from Mark's Polymer Data Handbook / ATHAS Databank (Wunderlich group) typical values; linear trend representative of solid-state behaviour below melt/Tg,
Epoxy Resin (cured),Epoxy,Polymers,linear,"{""c0"": 1.25, ""c1"": 0.002}",2,250.0,420.0,,specific,Room/near-RT specific heat from Mark's Polymer Data Handbook / ATHAS Databank (Wunderlich group) typical values; linear trend representative of solid-state behaviour below melt/Tg,
Fused Silica (vitreous SiO2),SiO2 (amorphous),Glasses,linear,"{""c0"": 0.74, ""c1"": 0.0004}",2,293.0,1300.0,,specific,"Corning HPFS / NIST typical values, room-T anchor + representative rising trend",
Soda-Lime Glass,Na2O.CaO.6SiO2 (approx),Glasses,linear,"{""c0"": 0.84, ""c1"": 0.0006}",2,293.0,900.0,,specific,Typical container/float-glass handbook value (e.g. Corning/PPG data sheets),
Borosilicate Glass (Pyrex-type),B2O3-SiO2-Na2O-Al2O3,Glasses,linear,"{""c0"": 0.8, ""c1"": 0.00045}",2,293.0,800.0,,specific,Corning 7740-type data sheet typical value,
Aluminosilicate Glass,Al2O3-SiO2-CaO-MgO,Glasses,linear,"{""c0"": 0.8, ""c1"": 0.0005}",3,293.0,900.0,,specific,Representative display/cover-glass value (AZoM/Corning-type),
Fireclay Brick,aluminosilicate refractory,Refractories,linear,"{""c0"": 0.96, ""c1"": 0.0003}",3,293.0,1700.0,,specific,Typical refractory-engineering handbook value (ASM/Engineering Toolbox),
Magnesia-Chrome Brick,MgO-Cr2O3,Refractories,linear,"{""c0"": 0.84, ""c1"": 0.00025}",3,293.0,2000.0,,specific,Typical refractory-engineering handbook value,
Zirconia Refractory,ZrO2 (stabilized),Refractories,linear,"{""c0"": 0.46, ""c1"": 0.00012}",3,293.0,2200.0,,specific,Typical refractory-engineering handbook value,
Silicon Carbide Refractory,SiC (bonded),Refractories,linear,"{""c0"": 0.67, ""c1"": 0.0002}",3,293.0,2000.0,,specific,Typical refractory-engineering handbook value,
Graphite Refractory,C (isotropic),Refractories,kelley,"{""a"": 17.15, ""b"": 4.27, ""c"": -8.79}",2,298.0,2300.0,12.011,molar,Same Kelley eqn. as graphite entry above - Kubaschewski & Alcock,
Fused Magnesite (Dead-Burned MgO),MgO (refractory grade),Refractories,kelley,"{""a"": 42.59, ""b"": 7.28, ""c"": -6.19}",2,298.0,2400.0,40.3,molar,Same Kelley eqn. as MgO ceramic entry - Kubaschewski & Alcock,
"Carbon Fibre Reinforced Polymer (CFRP, 60% fibre)",C-fibre/epoxy,Composites,const,"{""c0"": 0.88}",3,250.0,450.0,,specific,"Kopp-Neumann (mass) rule of mixtures: 0.60x0.71 (carbon fibre, ASM Handbook Vol.21) + 0.40x1.20 (epoxy) = 0.90; rounded, representative",
"Glass Fibre Reinforced Polymer (GFRP, 60% fibre)",E-glass/epoxy,Composites,const,"{""c0"": 0.98}",3,250.0,450.0,,specific,Rule of mixtures: 0.60x0.84 (E-glass fibre) + 0.40x1.20 (epoxy) = 0.98 - ASM Handbook Vol.21 methodology,
Aluminium-SiC Metal Matrix Composite (20 vol% SiC),Al/SiCp,Composites,const,"{""c0"": 0.85}",3,293.0,800.0,,specific,"Rule of mixtures: ~0.80xAl(0.90) + 0.20xSiC(0.67) - ASM Handbook Vol.21, Composites",
WC-Co Cemented Carbide (90WC-10Co),WC-Co,Composites,const,"{""c0"": 0.22}",3,293.0,1200.0,,specific,"Rule of mixtures: 0.90xWC(0.20) + 0.10xCo(0.42) - ASM Handbook, Powder Metallurgy",
"Kevlar Fibre Reinforced Polymer (KFRP, 60% fibre)",Aramid/epoxy,Composites,const,"{""c0"": 1.05}",3,250.0,450.0,,specific,"Rule of mixtures: 0.60xKevlar(1.42, DuPont data) + 0.40xepoxy(1.20)",
Carbon-Carbon Composite,C/C,Composites,kelley,"{""a"": 17.15, ""b"": 4.27, ""c"": -8.79}",3,298.0,2300.0,12.011,molar,Approximated as graphite-matrix Kelley eqn.; real C/C Cp is layup/porosity dependent - representative only,
Diamond,C (cubic),Other,linear,"{""c0"": 6.11, ""c1"": 0.0033}",2,298.0,1200.0,12.011,molar,"Cp(298K)=6.11 J/mol.K is a classic, widely-cited value (very high Debye temperature -> anomalously low RT Cp)","Great contrast case vs graphite for a 'same element, different Cp' teaching point."
Sodium Chloride (Rock Salt),NaCl,Other,kelley,"{""a"": 45.94, ""b"": 16.32, ""c"": 0}",2,298.0,1074.0,58.44,molar,"Kelley eqn., Kubaschewski & Alcock - cross-checked vs Cp(298K)=50.5 J/mol.K",
Water Ice (Ih),H2O(s),Other,const,"{""c0"": 2.05}",2,240.0,273.0,,specific,Well-established value at 273K (CRC Handbook),Valid only below the melting point - good demo of the out-of-range warning.
Silica Aerogel,SiO2 (aerogel),Other,const,"{""c0"": 0.84}",3,250.0,900.0,,specific,Representative literature value (highly porosity-dependent) - Aerogel Technologies data sheet-type figure,
Boron,B,Other,linear,"{""c0"": 11.09, ""c1"": 0.006}",3,298.0,2350.0,10.811,molar,Anchor Cp(298K)=11.09 J/mol.K,
Beryllium Oxide,BeO,Other,kelley,"{""a"": 27.2, ""b"": 6.16, ""c"": -7.03}",3,298.0,1800.0,25.01,molar,Kelley-form estimate anchored to Cp(298K)~25.6 J/mol.K - verify against NIST-JANAF before submission,
"Tin (white, beta)",Sn,Metals & Alloys,linear,"{""c0"": 27.0, ""c1"": 0.004}",3,298.0,505.0,118.71,molar,"Anchor Cp(298K) from standard elemental thermodynamic tables (e.g. CRC Handbook); simple representative slope - not independently cross-checked this round, verify against NIST-JANAF/primary source before submission",
"Cobalt (alpha, hcp)",Co,Metals & Alloys,linear,"{""c0"": 24.8, ""c1"": 0.004}",3,298.0,700.0,58.933,molar,"Anchor Cp(298K) from standard elemental thermodynamic tables (e.g. CRC Handbook); simple representative slope - not independently cross-checked this round, verify against NIST-JANAF/primary source before submission",
Cadmium,Cd,Metals & Alloys,linear,"{""c0"": 26.0, ""c1"": 0.004}",3,298.0,594.0,112.41,molar,"Anchor Cp(298K) from standard elemental thermodynamic tables (e.g. CRC Handbook); simple representative slope - not independently cross-checked this round, verify against NIST-JANAF/primary source before submission",
Antimony,Sb,Metals & Alloys,linear,"{""c0"": 25.2, ""c1"": 0.003}",3,298.0,800.0,121.76,molar,"Anchor Cp(298K) from standard elemental thermodynamic tables (e.g. CRC Handbook); simple representative slope - not independently cross-checked this round, verify against NIST-JANAF/primary source before submission",
Bismuth,Bi,Metals & Alloys,linear,"{""c0"": 25.5, ""c1"": 0.004}",3,298.0,544.0,208.98,molar,"Anchor Cp(298K) from standard elemental thermodynamic tables (e.g. CRC Handbook); simple representative slope - not independently cross-checked this round, verify against NIST-JANAF/primary source before submission",
Niobium,Nb,Metals & Alloys,linear,"{""c0"": 24.6, ""c1"": 0.002}",3,298.0,1500.0,92.906,molar,"Anchor Cp(298K) from standard elemental thermodynamic tables (e.g. CRC Handbook); simple representative slope - not independently cross-checked this round, verify against NIST-JANAF/primary source before submission",
Tantalum,Ta,Metals & Alloys,linear,"{""c0"": 25.4, ""c1"": 0.002}",3,298.0,1500.0,180.95,molar,"Anchor Cp(298K) from standard elemental thermodynamic tables (e.g. CRC Handbook); simple representative slope - not independently cross-checked this round, verify against NIST-JANAF/primary source before submission",
Vanadium,V,Metals & Alloys,linear,"{""c0"": 24.9, ""c1"": 0.003}",3,298.0,1500.0,50.942,molar,"Anchor Cp(298K) from standard elemental thermodynamic tables (e.g. CRC Handbook); simple representative slope - not independently cross-checked this round, verify against NIST-JANAF/primary source before submission",
Zirconium,Zr,Metals & Alloys,linear,"{""c0"": 25.4, ""c1"": 0.003}",3,298.0,1000.0,91.224,molar,"Anchor Cp(298K) from standard elemental thermodynamic tables (e.g. CRC Handbook); simple representative slope - not independently cross-checked this round, verify against NIST-JANAF/primary source before submission",
Platinum,Pt,Metals & Alloys,linear,"{""c0"": 25.9, ""c1"": 0.002}",3,298.0,1500.0,195.08,molar,"Anchor Cp(298K) from standard elemental thermodynamic tables (e.g. CRC Handbook); simple representative slope - not independently cross-checked this round, verify against NIST-JANAF/primary source before submission",
Palladium,Pd,Metals & Alloys,linear,"{""c0"": 25.9, ""c1"": 0.003}",3,298.0,1300.0,106.42,molar,"Anchor Cp(298K) from standard elemental thermodynamic tables (e.g. CRC Handbook); simple representative slope - not independently cross-checked this round, verify against NIST-JANAF/primary source before submission",
Rhodium,Rh,Metals & Alloys,linear,"{""c0"": 24.98, ""c1"": 0.002}",3,298.0,1500.0,102.91,molar,"Anchor Cp(298K) from standard elemental thermodynamic tables (e.g. CRC Handbook); simple representative slope - not independently cross-checked this round, verify against NIST-JANAF/primary source before submission",
Iridium,Ir,Metals & Alloys,linear,"{""c0"": 25.1, ""c1"": 0.002}",3,298.0,1500.0,192.22,molar,"Anchor Cp(298K) from standard elemental thermodynamic tables (e.g. CRC Handbook); simple representative slope - not independently cross-checked this round, verify against NIST-JANAF/primary source before submission",
Indium,In,Metals & Alloys,linear,"{""c0"": 26.7, ""c1"": 0.004}",3,298.0,429.0,114.82,molar,"Anchor Cp(298K) from standard elemental thermodynamic tables (e.g. CRC Handbook); simple representative slope - not independently cross-checked this round, verify against NIST-JANAF/primary source before submission",
Thallium,Tl,Metals & Alloys,linear,"{""c0"": 26.3, ""c1"": 0.004}",3,298.0,500.0,204.38,molar,"Anchor Cp(298K) from standard elemental thermodynamic tables (e.g. CRC Handbook); simple representative slope - not independently cross-checked this round, verify against NIST-JANAF/primary source before submission",
Beryllium,Be,Metals & Alloys,linear,"{""c0"": 16.4, ""c1"": 0.006}",3,298.0,900.0,9.012,molar,"Anchor Cp(298K) from standard elemental thermodynamic tables (e.g. CRC Handbook); simple representative slope - not independently cross-checked this round, verify against NIST-JANAF/primary source before submission",
Lithium,Li,Metals & Alloys,linear,"{""c0"": 24.8, ""c1"": 0.004}",3,298.0,453.0,6.94,molar,"Anchor Cp(298K) from standard elemental thermodynamic tables (e.g. CRC Handbook); simple representative slope - not independently cross-checked this round, verify against NIST-JANAF/primary source before submission",
Sodium,Na,Metals & Alloys,linear,"{""c0"": 28.2, ""c1"": 0.004}",3,298.0,370.0,22.99,molar,"Anchor Cp(298K) from standard elemental thermodynamic tables (e.g. CRC Handbook); simple representative slope - not independently cross-checked this round, verify against NIST-JANAF/primary source before submission",
Potassium,K,Metals & Alloys,linear,"{""c0"": 29.6, ""c1"": 0.004}",3,298.0,336.0,39.098,molar,"Anchor Cp(298K) from standard elemental thermodynamic tables (e.g. CRC Handbook); simple representative slope - not independently cross-checked this round, verify against NIST-JANAF/primary source before submission",
Calcium,Ca,Metals & Alloys,linear,"{""c0"": 25.9, ""c1"": 0.003}",3,298.0,1000.0,40.078,molar,"Anchor Cp(298K) from standard elemental thermodynamic tables (e.g. CRC Handbook); simple representative slope - not independently cross-checked this round, verify against NIST-JANAF/primary source before submission",
Strontium,Sr,Metals & Alloys,linear,"{""c0"": 26.4, ""c1"": 0.003}",3,298.0,800.0,87.62,molar,"Anchor Cp(298K) from standard elemental thermodynamic tables (e.g. CRC Handbook); simple representative slope - not independently cross-checked this round, verify against NIST-JANAF/primary source before submission",
Barium,Ba,Metals & Alloys,linear,"{""c0"": 28.1, ""c1"": 0.003}",3,298.0,900.0,137.33,molar,"Anchor Cp(298K) from standard elemental thermodynamic tables (e.g. CRC Handbook); simple representative slope - not independently cross-checked this round, verify against NIST-JANAF/primary source before submission",
Hafnium,Hf,Metals & Alloys,linear,"{""c0"": 25.7, ""c1"": 0.002}",3,298.0,1500.0,178.49,molar,"Anchor Cp(298K) from standard elemental thermodynamic tables (e.g. CRC Handbook); simple representative slope - not independently cross-checked this round, verify against NIST-JANAF/primary source before submission",
Rhenium,Re,Metals & Alloys,linear,"{""c0"": 25.5, ""c1"": 0.002}",3,298.0,1500.0,186.21,molar,"Anchor Cp(298K) from standard elemental thermodynamic tables (e.g. CRC Handbook); simple representative slope - not independently cross-checked this round, verify against NIST-JANAF/primary source before submission",
Nichrome (80Ni-20Cr),-,Metals & Alloys,linear,"{""c0"": 0.45, ""c1"": 0.00015}",3,298.0,800.0,,specific,"Typical room-T specific heat, MatWeb / ASM Metals Handbook Vol.2 - representative single value, mild linear rise assumed",Alloy - composition-dependent; treat as approximate.
Monel 400 (Ni-Cu),-,Metals & Alloys,linear,"{""c0"": 0.427, ""c1"": 0.00015}",3,298.0,800.0,,specific,"Typical room-T specific heat, MatWeb / ASM Metals Handbook Vol.2 - representative single value, mild linear rise assumed",Alloy - composition-dependent; treat as approximate.
Hastelloy C-276,-,Metals & Alloys,linear,"{""c0"": 0.427, ""c1"": 0.00015}",3,298.0,800.0,,specific,"Typical room-T specific heat, MatWeb / ASM Metals Handbook Vol.2 - representative single value, mild linear rise assumed",Alloy - composition-dependent; treat as approximate.
Invar (Fe-36Ni),-,Metals & Alloys,linear,"{""c0"": 0.515, ""c1"": 0.00015}",3,298.0,800.0,,specific,"Typical room-T specific heat, MatWeb / ASM Metals Handbook Vol.2 - representative single value, mild linear rise assumed",Alloy - composition-dependent; treat as approximate.
Kovar (Fe-Ni-Co),-,Metals & Alloys,linear,"{""c0"": 0.46, ""c1"": 0.00015}",3,298.0,800.0,,specific,"Typical room-T specific heat, MatWeb / ASM Metals Handbook Vol.2 - representative single value, mild linear rise assumed",Alloy - composition-dependent; treat as approximate.
Beryllium Copper (C17200),-,Metals & Alloys,linear,"{""c0"": 0.42, ""c1"": 0.00015}",3,298.0,800.0,,specific,"Typical room-T specific heat, MatWeb / ASM Metals Handbook Vol.2 - representative single value, mild linear rise assumed",Alloy - composition-dependent; treat as approximate.
Magnesium Alloy AZ31B,-,Metals & Alloys,linear,"{""c0"": 1.04, ""c1"": 0.00015}",3,298.0,800.0,,specific,"Typical room-T specific heat, MatWeb / ASM Metals Handbook Vol.2 - representative single value, mild linear rise assumed",Alloy - composition-dependent; treat as approximate.
Zamak 3 (Zn-Al Die Casting Alloy),-,Metals & Alloys,linear,"{""c0"": 0.419, ""c1"": 0.00015}",3,298.0,800.0,,specific,"Typical room-T specific heat, MatWeb / ASM Metals Handbook Vol.2 - representative single value, mild linear rise assumed",Alloy - composition-dependent; treat as approximate.
Tool Steel (H13),-,Metals & Alloys,linear,"{""c0"": 0.46, ""c1"": 0.00015}",3,298.0,800.0,,specific,"Typical room-T specific heat, MatWeb / ASM Metals Handbook Vol.2 - representative single value, mild linear rise assumed",Alloy - composition-dependent; treat as approximate.
Grey Cast Iron (Class 30),-,Metals & Alloys,linear,"{""c0"": 0.46, ""c1"": 0.00015}",3,298.0,800.0,,specific,"Typical room-T specific heat, MatWeb / ASM Metals Handbook Vol.2 - representative single value, mild linear rise assumed",Alloy - composition-dependent; treat as approximate.
Tin-Lead Solder (60Sn-40Pb),-,Metals & Alloys,linear,"{""c0"": 0.176, ""c1"": 0.00015}",3,298.0,800.0,,specific,"Typical room-T specific heat, MatWeb / ASM Metals Handbook Vol.2 - representative single value, mild linear rise assumed",Alloy - composition-dependent; treat as approximate.
Lead-Free Solder (SAC305),-,Metals & Alloys,linear,"{""c0"": 0.23, ""c1"": 0.00015}",3,298.0,800.0,,specific,"Typical room-T specific heat, MatWeb / ASM Metals Handbook Vol.2 - representative single value, mild linear rise assumed",Alloy - composition-dependent; treat as approximate.
Yttrium Oxide (Yttria),Y2O3,Ceramics,linear,"{""c0"": 102.0, ""c1"": 0.01}",3,298.0,1500.0,225.81,molar,Anchor Cp(298K) from standard compound thermodynamic compilations (Barin/Kubaschewski-type); representative slope - verify against NIST-JANAF/primary source before submission,
Cerium Oxide (Ceria),CeO2,Ceramics,linear,"{""c0"": 62.0, ""c1"": 0.008}",3,298.0,1500.0,172.11,molar,Anchor Cp(298K) from standard compound thermodynamic compilations (Barin/Kubaschewski-type); representative slope - verify against NIST-JANAF/primary source before submission,
Lanthanum Oxide,La2O3,Ceramics,linear,"{""c0"": 108.0, ""c1"": 0.01}",3,298.0,1500.0,325.81,molar,Anchor Cp(298K) from standard compound thermodynamic compilations (Barin/Kubaschewski-type); representative slope - verify against NIST-JANAF/primary source before submission,
Strontium Titanate,SrTiO3,Ceramics,linear,"{""c0"": 97.9, ""c1"": 0.012}",3,298.0,1200.0,183.49,molar,Anchor Cp(298K) from standard compound thermodynamic compilations (Barin/Kubaschewski-type); representative slope - verify against NIST-JANAF/primary source before submission,
Barium Titanate,BaTiO3,Ceramics,linear,"{""c0"": 107.0, ""c1"": 0.014}",3,298.0,1200.0,233.19,molar,Anchor Cp(298K) from standard compound thermodynamic compilations (Barin/Kubaschewski-type); representative slope - verify against NIST-JANAF/primary source before submission,
Lead Titanate,PbTiO3,Ceramics,linear,"{""c0"": 92.0, ""c1"": 0.012}",3,298.0,1000.0,303.1,molar,Anchor Cp(298K) from standard compound thermodynamic compilations (Barin/Kubaschewski-type); representative slope - verify against NIST-JANAF/primary source before submission,
Zinc Oxide (Zincite),ZnO,Ceramics,linear,"{""c0"": 40.3, ""c1"": 0.005}",3,298.0,1500.0,81.38,molar,Anchor Cp(298K) from standard compound thermodynamic compilations (Barin/Kubaschewski-type); representative slope - verify against NIST-JANAF/primary source before submission,
Tin(IV) Oxide (Cassiterite),SnO2,Ceramics,linear,"{""c0"": 52.6, ""c1"": 0.006}",3,298.0,1500.0,150.71,molar,Anchor Cp(298K) from standard compound thermodynamic compilations (Barin/Kubaschewski-type); representative slope - verify against NIST-JANAF/primary source before submission,
Magnesium Aluminate Spinel,MgAl2O4,Ceramics,linear,"{""c0"": 117.0, ""c1"": 0.014}",3,298.0,1800.0,142.27,molar,Anchor Cp(298K) from standard compound thermodynamic compilations (Barin/Kubaschewski-type); representative slope - verify against NIST-JANAF/primary source before submission,
Aluminium Nitride,AlN,Ceramics,linear,"{""c0"": 30.1, ""c1"": 0.006}",3,298.0,1500.0,40.99,molar,Anchor Cp(298K) from standard compound thermodynamic compilations (Barin/Kubaschewski-type); representative slope - verify against NIST-JANAF/primary source before submission,
Titanium Nitride,TiN,Ceramics,linear,"{""c0"": 37.6, ""c1"": 0.005}",3,298.0,1500.0,61.87,molar,Anchor Cp(298K) from standard compound thermodynamic compilations (Barin/Kubaschewski-type); representative slope - verify against NIST-JANAF/primary source before submission,
Tungsten Carbide,WC,Ceramics,linear,"{""c0"": 39.8, ""c1"": 0.005}",3,298.0,1500.0,195.85,molar,Anchor Cp(298K) from standard compound thermodynamic compilations (Barin/Kubaschewski-type); representative slope - verify against NIST-JANAF/primary source before submission,
Boron Carbide,B4C,Ceramics,linear,"{""c0"": 52.8, ""c1"": 0.008}",3,298.0,1500.0,55.25,molar,Anchor Cp(298K) from standard compound thermodynamic compilations (Barin/Kubaschewski-type); representative slope - verify against NIST-JANAF/primary source before submission,
Titanium Carbide,TiC,Ceramics,linear,"{""c0"": 33.8, ""c1"": 0.005}",3,298.0,1500.0,59.89,molar,Anchor Cp(298K) from standard compound thermodynamic compilations (Barin/Kubaschewski-type); representative slope - verify against NIST-JANAF/primary source before submission,
Vanadium Pentoxide,V2O5,Ceramics,linear,"{""c0"": 127.5, ""c1"": 0.015}",3,298.0,900.0,181.88,molar,Anchor Cp(298K) from standard compound thermodynamic compilations (Barin/Kubaschewski-type); representative slope - verify against NIST-JANAF/primary source before submission,
Niobium Pentoxide,Nb2O5,Ceramics,linear,"{""c0"": 132.0, ""c1"": 0.015}",3,298.0,1200.0,265.81,molar,Anchor Cp(298K) from standard compound thermodynamic compilations (Barin/Kubaschewski-type); representative slope - verify against NIST-JANAF/primary source before submission,
Barium Oxide,BaO,Ceramics,linear,"{""c0"": 47.3, ""c1"": 0.006}",3,298.0,1500.0,153.33,molar,Anchor Cp(298K) from standard compound thermodynamic compilations (Barin/Kubaschewski-type); representative slope - verify against NIST-JANAF/primary source before submission,
Strontium Oxide,SrO,Ceramics,linear,"{""c0"": 44.9, ""c1"": 0.006}",3,298.0,1500.0,103.62,molar,Anchor Cp(298K) from standard compound thermodynamic compilations (Barin/Kubaschewski-type); representative slope - verify against NIST-JANAF/primary source before submission,
Lithium Oxide,Li2O,Ceramics,linear,"{""c0"": 54.0, ""c1"": 0.007}",3,298.0,1400.0,29.88,molar,Anchor Cp(298K) from standard compound thermodynamic compilations (Barin/Kubaschewski-type); representative slope - verify against NIST-JANAF/primary source before submission,
Hafnium Oxide,HfO2,Ceramics,linear,"{""c0"": 60.3, ""c1"": 0.007}",3,298.0,1800.0,210.49,molar,Anchor Cp(298K) from standard compound thermodynamic compilations (Barin/Kubaschewski-type); representative slope - verify against NIST-JANAF/primary source before submission,
Yttrium Aluminium Garnet (YAG),Y3Al5O12,Ceramics,linear,"{""c0"": 365.0, ""c1"": 0.028}",3,298.0,1500.0,593.62,molar,"Corrected after internal consistency check: original recalled value (147 J/mol.K) failed a Dulong-Petit plausibility check against other oxide ceramics. Replaced with value consistent with commonly cited laser-crystal specific heat (~0.60-0.63 J/g.K, e.g. Nd:YAG thermal-modelling literature) x molar mass. Still Tier 3 - verify before submission.",
Silicon Dioxide (Cristobalite),SiO2,Ceramics,linear,"{""c0"": 44.2, ""c1"": 0.006}",3,298.0,523.0,60.08,molar,Anchor Cp(298K) from standard compound thermodynamic compilations (Barin/Kubaschewski-type); representative slope - verify against NIST-JANAF/primary source before submission,
Zircon (Zirconium Silicate),ZrSiO4,Ceramics,linear,"{""c0"": 98.7, ""c1"": 0.011}",3,298.0,1800.0,183.31,molar,Anchor Cp(298K) from standard compound thermodynamic compilations (Barin/Kubaschewski-type); representative slope - verify against NIST-JANAF/primary source before submission,
Indium Arsenide,InAs,Semiconductors,linear,"{""c0"": 45.0, ""c1"": 0.003}",3,298.0,1200.0,189.74,molar,"Anchor Cp(298K), compound-semiconductor literature (typical) - verify against NIST-JANAF/primary source before submission",
Indium Antimonide,InSb,Semiconductors,linear,"{""c0"": 47.4, ""c1"": 0.003}",3,298.0,800.0,236.57,molar,"Anchor Cp(298K), compound-semiconductor literature (typical) - verify against NIST-JANAF/primary source before submission",
Gallium Phosphide,GaP,Semiconductors,linear,"{""c0"": 44.0, ""c1"": 0.003}",3,298.0,1400.0,100.7,molar,"Anchor Cp(298K), compound-semiconductor literature (typical) - verify against NIST-JANAF/primary source before submission",
Aluminium Arsenide,AlAs,Semiconductors,linear,"{""c0"": 45.0, ""c1"": 0.003}",3,298.0,1800.0,101.9,molar,"Anchor Cp(298K), compound-semiconductor literature (typical) - verify against NIST-JANAF/primary source before submission",
Zinc Selenide,ZnSe,Semiconductors,linear,"{""c0"": 47.9, ""c1"": 0.004}",3,298.0,1500.0,144.35,molar,"Anchor Cp(298K), compound-semiconductor literature (typical) - verify against NIST-JANAF/primary source before submission",
Zinc Sulphide,ZnS,Semiconductors,linear,"{""c0"": 45.9, ""c1"": 0.004}",3,298.0,1400.0,97.46,molar,"Anchor Cp(298K), compound-semiconductor literature (typical) - verify against NIST-JANAF/primary source before submission",
Lead Sulphide (Galena),PbS,Semiconductors,linear,"{""c0"": 49.5, ""c1"": 0.004}",3,298.0,1300.0,239.3,molar,"Anchor Cp(298K), compound-semiconductor literature (typical) - verify against NIST-JANAF/primary source before submission",
Lead Telluride,PbTe,Semiconductors,linear,"{""c0"": 49.6, ""c1"": 0.004}",3,298.0,1200.0,334.8,molar,"Anchor Cp(298K), compound-semiconductor literature (typical) - verify against NIST-JANAF/primary source before submission",
Bismuth Telluride (thermoelectric),Bi2Te3,Semiconductors,linear,"{""c0"": 124.0, ""c1"": 0.012}",3,298.0,800.0,800.76,molar,"Anchor Cp(298K), compound-semiconductor literature (typical) - verify against NIST-JANAF/primary source before submission",
Cadmium Sulphide,CdS,Semiconductors,linear,"{""c0"": 45.1, ""c1"": 0.004}",3,298.0,1300.0,144.47,molar,"Anchor Cp(298K), compound-semiconductor literature (typical) - verify against NIST-JANAF/primary source before submission",
Cadmium Selenide,CdSe,Semiconductors,linear,"{""c0"": 45.8, ""c1"": 0.004}",3,298.0,1300.0,191.37,molar,"Anchor Cp(298K), compound-semiconductor literature (typical) - verify against NIST-JANAF/primary source before submission",
Amorphous Silicon (thin-film),a-Si,Semiconductors,linear,"{""c0"": 20.5, ""c1"": 0.003}",3,298.0,1000.0,28.085,molar,"Anchor Cp(298K), compound-semiconductor literature (typical) - verify against NIST-JANAF/primary source before submission",
Silicon-Germanium Alloy (Si0.8Ge0.2),Si0.8Ge0.2,Semiconductors,linear,"{""c0"": 21.6, ""c1"": 0.003}",3,298.0,1200.0,36.99,molar,"Anchor Cp(298K), compound-semiconductor literature (typical) - verify against NIST-JANAF/primary source before submission",
"Indium Tin Oxide (ITO, transparent conductor)",In2O3-SnO2,Semiconductors,linear,"{""c0"": 0.34, ""c1"": 0.0004}",3,298.0,800.0,,specific,Typical transparent-conducting-oxide value (display/touchscreen industry) - representative,
Acrylonitrile Butadiene Styrene (ABS),ABS,Polymers,linear,"{""c0"": 1.4, ""c1"": 0.0025}",2,250.0,380.0,,specific,"Typical value, Mark's Polymer Data Handbook / ATHAS Databank-type source - representative, verify before submission",
Polyoxymethylene / Acetal (POM),POM,Polymers,linear,"{""c0"": 1.47, ""c1"": 0.0025}",2,250.0,440.0,,specific,"Typical value, Mark's Polymer Data Handbook / ATHAS Databank-type source - representative, verify before submission",
"Polyurethane (rigid, solid resin)",PU,Polymers,linear,"{""c0"": 1.8, ""c1"": 0.003}",2,250.0,400.0,,specific,"Typical value, Mark's Polymer Data Handbook / ATHAS Databank-type source - representative, verify before submission",
Polybutylene Terephthalate (PBT),PBT,Polymers,linear,"{""c0"": 1.3, ""c1"": 0.0025}",2,250.0,490.0,,specific,"Typical value, Mark's Polymer Data Handbook / ATHAS Databank-type source - representative, verify before submission",
Polyphenylene Sulphide (PPS),PPS,Polymers,linear,"{""c0"": 1.1, ""c1"": 0.002}",2,250.0,550.0,,specific,"Typical value, Mark's Polymer Data Handbook / ATHAS Databank-type source - representative, verify before submission",
Polyetheretherketone (PEEK),PEEK,Polymers,linear,"{""c0"": 1.34, ""c1"": 0.0022}",2,250.0,615.0,,specific,"Typical value, Mark's Polymer Data Handbook / ATHAS Databank-type source - representative, verify before submission",
Polysulfone (PSU),PSU,Polymers,linear,"{""c0"": 1.3, ""c1"": 0.0022}",2,250.0,460.0,,specific,"Typical value, Mark's Polymer Data Handbook / ATHAS Databank-type source - representative, verify before submission",
"Polyimide (Kapton-type, PI)",PI,Polymers,linear,"{""c0"": 1.09, ""c1"": 0.002}",2,250.0,670.0,,specific,"Typical value, Mark's Polymer Data Handbook / ATHAS Databank-type source - representative, verify before submission",
Cellulose Acetate,CA,Polymers,linear,"{""c0"": 1.5, ""c1"": 0.0025}",2,250.0,500.0,,specific,"Typical value, Mark's Polymer Data Handbook / ATHAS Databank-type source - representative, verify before submission",
Natural Rubber (cis-polyisoprene),NR,Polymers,linear,"{""c0"": 1.88, ""c1"": 0.003}",2,200.0,350.0,,specific,"Typical value, Mark's Polymer Data Handbook / ATHAS Databank-type source - representative, verify before submission",
Styrene-Butadiene Rubber (SBR),SBR,Polymers,linear,"{""c0"": 1.88, ""c1"": 0.003}",2,200.0,350.0,,specific,"Typical value, Mark's Polymer Data Handbook / ATHAS Databank-type source - representative, verify before submission",
Silicone Rubber (PDMS),PDMS,Polymers,linear,"{""c0"": 1.46, ""c1"": 0.0025}",2,200.0,500.0,,specific,"Typical value, Mark's Polymer Data Handbook / ATHAS Databank-type source - representative, verify before submission",
"Polylactic Acid (PLA, bioplastic)",PLA,Polymers,linear,"{""c0"": 1.8, ""c1"": 0.0028}",2,250.0,430.0,,specific,"Typical value, Mark's Polymer Data Handbook / ATHAS Databank-type source - representative, verify before submission",
"Phenolic Resin (Bakelite, thermoset)",Phenolic,Polymers,linear,"{""c0"": 1.5, ""c1"": 0.002}",2,250.0,470.0,,specific,"Typical value, Mark's Polymer Data Handbook / ATHAS Databank-type source - representative, verify before submission",
"Polyacrylonitrile (PAN, carbon-fibre precursor)",PAN,Polymers,linear,"{""c0"": 1.26, ""c1"": 0.0022}",2,250.0,500.0,,specific,"Typical value, Mark's Polymer Data Handbook / ATHAS Databank-type source - representative, verify before submission",
"Polyvinylidene Fluoride (PVDF, piezoelectric)",PVDF,Polymers,linear,"{""c0"": 1.3, ""c1"": 0.0022}",2,250.0,450.0,,specific,"Typical value, Mark's Polymer Data Handbook / ATHAS Databank-type source - representative, verify before submission",
Ultra-High Molecular Weight Polyethylene (UHMWPE),UHMWPE,Polymers,linear,"{""c0"": 2.3, ""c1"": 0.003}",2,200.0,400.0,,specific,"Typical value, Mark's Polymer Data Handbook / ATHAS Databank-type source - representative, verify before submission",
"Polyhydroxyalkanoate (PHA, bioplastic)",PHA,Polymers,linear,"{""c0"": 2.0, ""c1"": 0.0028}",3,250.0,430.0,,specific,"Typical value, Mark's Polymer Data Handbook / ATHAS Databank-type source - representative, verify before submission",
Lead Crystal Glass (high-Pb optical),PbO-SiO2,Glasses,linear,"{""c0"": 0.5, ""c1"": 0.0003}",3,293.0,700.0,,specific,"Corning/Schott/AZoM-type optical-glass data sheet, typical value - representative",
"Chalcogenide Glass (As2Se3, IR optics)",As2Se3,Glasses,linear,"{""c0"": 0.36, ""c1"": 0.0002}",3,200.0,450.0,,specific,"Corning/Schott/AZoM-type optical-glass data sheet, typical value - representative",
Bioactive Glass (45S5 Bioglass),Na2O-CaO-P2O5-SiO2,Glasses,linear,"{""c0"": 0.84, ""c1"": 0.0005}",3,293.0,800.0,,specific,"Corning/Schott/AZoM-type optical-glass data sheet, typical value - representative",
Optical Crown Glass (BK7-type),SiO2-B2O3-Na2O-K2O-BaO,Glasses,linear,"{""c0"": 0.858, ""c1"": 0.00045}",2,293.0,800.0,,specific,Schott/Corning-type data sheet typical value - cross-checked order of magnitude vs known silicate-glass Cp,
Optical Dense Flint Glass (high-Pb),SiO2-PbO,Glasses,linear,"{""c0"": 0.5, ""c1"": 0.0003}",3,293.0,700.0,,specific,"Corning/Schott/AZoM-type optical-glass data sheet, typical value - representative",
E-Glass Fibre (aluminoborosilicate),SiO2-CaO-Al2O3-B2O3,Glasses,linear,"{""c0"": 0.84, ""c1"": 0.0005}",2,293.0,900.0,,specific,Schott/Corning-type data sheet typical value - cross-checked order of magnitude vs known silicate-glass Cp,
Vycor Glass (96% silica),SiO2 (96%),Glasses,linear,"{""c0"": 0.79, ""c1"": 0.0004}",3,293.0,1200.0,,specific,"Corning/Schott/AZoM-type optical-glass data sheet, typical value - representative",
"Fluoride Glass (ZBLAN, IR fibre optics)",ZrF4-BaF2-LaF3-AlF3-NaF,Glasses,linear,"{""c0"": 0.6, ""c1"": 0.00025}",3,200.0,550.0,,specific,"Corning/Schott/AZoM-type optical-glass data sheet, typical value - representative",
"Germanate Glass (GeO2-based, IR optics)",GeO2,Glasses,linear,"{""c0"": 0.48, ""c1"": 0.00025}",3,293.0,700.0,,specific,"Corning/Schott/AZoM-type optical-glass data sheet, typical value - representative",
Silica Refractory Brick,SiO2 (refractory grade),Refractories,linear,"{""c0"": 0.96, ""c1"": 0.0003}",3,293.0,700.0,,specific,Typical refractory-engineering handbook value (ASM/Engineering Toolbox) - representative,
High-Alumina Brick (70-90% Al2O3),Al2O3-SiO2 (refractory),Refractories,linear,"{""c0"": 0.92, ""c1"": 0.00025}",3,293.0,900.0,,specific,Typical refractory-engineering handbook value (ASM/Engineering Toolbox) - representative,
Chrome-Magnesite Brick,Cr2O3-MgO,Refractories,linear,"{""c0"": 0.85, ""c1"": 0.00025}",3,293.0,900.0,,specific,Typical refractory-engineering handbook value (ASM/Engineering Toolbox) - representative,
"Insulating Firebrick (IFB, lightweight)",aluminosilicate (porous),Refractories,linear,"{""c0"": 1.0, ""c1"": 0.0003}",3,293.0,700.0,,specific,Typical refractory-engineering handbook value (ASM/Engineering Toolbox) - representative,
Carbon-Bonded MgO Brick (ladle refractory),MgO-C,Refractories,linear,"{""c0"": 1.05, ""c1"": 0.0003}",3,293.0,900.0,,specific,Typical refractory-engineering handbook value (ASM/Engineering Toolbox) - representative,
Chromite Refractory,FeCr2O4,Refractories,linear,"{""c0"": 0.71, ""c1"": 0.0002}",3,293.0,900.0,,specific,Typical refractory-engineering handbook value (ASM/Engineering Toolbox) - representative,
Calcium Aluminate Castable Refractory,CaO-Al2O3,Refractories,linear,"{""c0"": 0.96, ""c1"": 0.0003}",3,293.0,800.0,,specific,Typical refractory-engineering handbook value (ASM/Engineering Toolbox) - representative,
Graphite-MgO Slide-Gate Refractory,C-MgO,Refractories,linear,"{""c0"": 0.9, ""c1"": 0.00025}",3,293.0,900.0,,specific,Typical refractory-engineering handbook value (ASM/Engineering Toolbox) - representative,
Zircon Refractory,ZrSiO4,Refractories,linear,"{""c0"": 98.7, ""c1"": 0.011}",3,298.0,2000.0,183.31,molar,Anchor Cp(298K) from standard compound thermodynamic compilations (Barin/Kubaschewski-type); representative slope - verify against NIST-JANAF/primary source before submission,
Molybdenum Disilicide (heating elements),MoSi2,Refractories,linear,"{""c0"": 61.5, ""c1"": 0.008}",3,298.0,1900.0,152.14,molar,"Anchor Cp(298K), refractory-metal-silicide literature (typical) - verify before submission",
Flax Fibre / PLA Biocomposite,flax/PLA,Composites,const,"{""c0"": 1.6}",3,293.0,380.0,,specific,"Kopp-Neumann rule-of-mixtures estimate, ASM Handbook Vol.21 methodology - representative",
Basalt Fibre Reinforced Polymer (BFRP),basalt/epoxy,Composites,const,"{""c0"": 1.0}",3,250.0,450.0,,specific,"Kopp-Neumann rule-of-mixtures estimate, ASM Handbook Vol.21 methodology - representative",
Titanium Matrix Composite (Ti/SiC),Ti/SiCf,Composites,const,"{""c0"": 0.58}",3,293.0,800.0,,specific,"Kopp-Neumann rule-of-mixtures estimate, ASM Handbook Vol.21 methodology - representative",
Copper-Graphite Composite (electrical contacts),Cu-C,Composites,const,"{""c0"": 0.55}",3,293.0,700.0,,specific,"Kopp-Neumann rule-of-mixtures estimate, ASM Handbook Vol.21 methodology - representative",
Portland Cement Concrete,cement-aggregate,Composites,const,"{""c0"": 0.92}",2,293.0,500.0,,specific,"Typical civil-engineering handbook value for structural concrete - widely reproduced, order-of-magnitude cross-checked",
Reinforced Concrete (steel rebar),concrete+steel,Composites,const,"{""c0"": 0.85}",2,293.0,500.0,,specific,"Typical civil-engineering handbook value for structural concrete - widely reproduced, order-of-magnitude cross-checked",
Structural Plywood (wood composite),wood laminate,Composites,const,"{""c0"": 1.7}",3,250.0,400.0,,specific,"Kopp-Neumann rule-of-mixtures estimate, ASM Handbook Vol.21 methodology - representative",
Carbon Nanotube / Epoxy Nanocomposite,CNT/epoxy,Composites,const,"{""c0"": 1.15}",3,250.0,420.0,,specific,"Kopp-Neumann rule-of-mixtures estimate, ASM Handbook Vol.21 methodology - representative",
Graphene / Polymer Nanocomposite,graphene/epoxy,Composites,const,"{""c0"": 1.18}",3,250.0,420.0,,specific,"Kopp-Neumann rule-of-mixtures estimate, ASM Handbook Vol.21 methodology - representative",
Aluminium Honeycomb / CFRP Sandwich Panel,Al-honeycomb/CFRP,Composites,const,"{""c0"": 0.85}",3,250.0,450.0,,specific,"Kopp-Neumann rule-of-mixtures estimate, ASM Handbook Vol.21 methodology - representative",
Sulphur (rhombic),S,Other,linear,"{""c0"": 22.6, ""c1"": 0.006}",2,298.0,368.0,32.06,molar,Cp(298K)=22.6 J/mol.K is a well-documented elemental value (CRC Handbook) - cross-checked,
"Phosphorus (red, amorphous)",P,Other,linear,"{""c0"": 21.2, ""c1"": 0.005}",3,298.0,700.0,30.974,molar,"Anchor Cp(298K) from standard elemental thermodynamic tables (e.g. CRC Handbook); simple representative slope - not independently cross-checked this round, verify against NIST-JANAF/primary source before submission",
"Selenium (grey, trigonal)",Se,Other,linear,"{""c0"": 25.0, ""c1"": 0.005}",3,298.0,490.0,78.97,molar,"Anchor Cp(298K) from standard elemental thermodynamic tables (e.g. CRC Handbook); simple representative slope - not independently cross-checked this round, verify against NIST-JANAF/primary source before submission",
Tellurium,Te,Other,linear,"{""c0"": 25.7, ""c1"": 0.005}",3,298.0,720.0,127.6,molar,"Anchor Cp(298K) from standard elemental thermodynamic tables (e.g. CRC Handbook); simple representative slope - not independently cross-checked this round, verify against NIST-JANAF/primary source before submission",
Iodine (solid),I2,Other,linear,"{""c0"": 54.4, ""c1"": 0.008}",2,250.0,386.0,253.81,molar,Cp(298K)=54.4 J/mol.K is a well-documented molecular-solid value (CRC Handbook),
"Paraffin Wax (PCM, solid phase)",CnH2n+2,Other,linear,"{""c0"": 2.15, ""c1"": 0.0035}",2,250.0,320.0,,specific,Well-documented phase-change-material literature value (thermal energy storage),
"Glauber's Salt (Na2SO4.10H2O, PCM)",Na2SO4.10H2O,Other,const,"{""c0"": 1.93}",3,250.0,305.0,,specific,Typical salt-hydrate PCM literature value - representative,
Nitinol (NiTi Shape-Memory Alloy),NiTi,Other,linear,"{""c0"": 0.837, ""c1"": 0.0002}",2,293.0,400.0,,specific,Well-documented biomedical/actuator-alloy literature value (e.g. Johnson Matthey / SAES datasheets),
Zr-Based Bulk Metallic Glass,Zr-Cu-Al-Ni (amorphous),Other,const,"{""c0"": 0.42}",3,293.0,600.0,,specific,Typical bulk-metallic-glass literature value - representative,
Lithium Cobalt Oxide (battery cathode),LiCoO2,Other,linear,"{""c0"": 97.6, ""c1"": 0.01}",3,298.0,700.0,97.87,molar,"Anchor Cp(298K), battery-materials literature (typical) - verify before submission",
Lithium Iron Phosphate (battery cathode),LiFePO4,Other,linear,"{""c0"": 98.0, ""c1"": 0.01}",3,298.0,700.0,157.76,molar,"Anchor Cp(298K), battery-materials literature (typical) - verify before submission",
"Fullerene (Buckminsterfullerene, C60)",C60,Other,const,"{""c0"": 0.68}",3,200.0,400.0,,specific,Representative literature value for solid C60 - verify before submission,
Zinc (liquid),Zn,Metals & Alloys,shomate,"{""A"": 31.38004, ""B"": -9.647635e-09, ""C"": 6.798541e-09, ""D"": -1.574453e-09, ""E"": -3.249003e-10}",1,692.73,1180.0,65.38,molar,"NIST Chemistry WebBook SRD 69 (Chase, 1998)",Liquid phase heat capacity without extrapolation
Copper (liquid),Cu,Metals & Alloys,shomate,"{""A"": 32.8445, ""B"": -8.4e-05, ""C"": 3.2e-05, ""D"": -4e-06, ""E"": -2.8e-05}",1,1358.0,2843.0,63.546,molar,"NIST Chemistry WebBook SRD 69 (Chase, 1998)",Liquid phase heat capacity without extrapolation
Lead (liquid),Pb,Metals & Alloys,shomate,"{""A"": 38.00449, ""B"": -14.62249, ""C"": 7.255475, ""D"": -1.03337, ""E"": -0.330775}",1,600.6,2019.0,207.2,molar,"NIST Chemistry WebBook SRD 69 (Chase, 1998)",Liquid phase heat capacity without extrapolation
Magnesium (liquid),Mg,Metals & Alloys,shomate,"{""A"": 34.30901, ""B"": -7.471e-10, ""C"": 6.146e-10, ""D"": -1.598e-10, ""E"": -1.152e-11}",1,923.0,1366.0,24.305,molar,"NIST Chemistry WebBook SRD 69 (Chase, 1998)",Liquid phase heat capacity without extrapolation
Aluminium (liquid),Al,Metals & Alloys,shomate,"{""A"": 31.75, ""B"": 0, ""C"": 0, ""D"": 0, ""E"": 0}",1,933.47,2792.0,26.982,molar,"NIST-JANAF Thermochemical Tables (Chase, 1998) / Dinsdale (SGTE)",Liquid phase heat capacity without extrapolation
Iron (liquid),Fe,Metals & Alloys,shomate,"{""A"": 46.024, ""B"": 0, ""C"": 0, ""D"": 0, ""E"": 0}",1,1811.0,3134.0,55.845,molar,"NIST-JANAF Thermochemical Tables (Chase, 1998)",Liquid phase heat capacity without extrapolation
Tin (liquid),Sn,Metals & Alloys,shomate,"{""A"": 30.5, ""B"": 0, ""C"": 0, ""D"": 0, ""E"": 0}",1,505.08,2875.0,118.71,molar,NIST-JANAF Thermochemical Tables / Dinsdale (SGTE),Liquid phase heat capacity without extrapolation
Water (liquid),H2O,Other,shomate,"{""A"": -203.606, ""B"": 1523.29, ""C"": -3196.413, ""D"": 2474.455, ""E"": 3.855326}",1,273.15,373.15,18.015,molar,NIST Chemistry WebBook SRD 69,Liquid phase
Steam (Water gas),H2O,Other,shomate,"{""A"": 30.092, ""B"": 6.832514, ""C"": 6.793435, ""D"": -2.53448, ""E"": 0.082139}",1,373.15,1700.0,18.015,molar,NIST Chemistry WebBook SRD 69,Gas phase
Gallium (liquid),Ga,Other,shomate,"{""A"": 28.1, ""B"": 0, ""C"": 0, ""D"": 0, ""E"": 0}",1,302.91,2477.0,69.723,molar,NIST-JANAF Thermochemical Tables,Liquid phase
Silicon (liquid),Si,Semiconductors,shomate,"{""A"": 27.196, ""B"": 0, ""C"": 0, ""D"": 0, ""E"": 0}",1,1687.0,3538.0,28.085,molar,Dinsdale SGTE Data,Liquid phase
Germanium (liquid),Ge,Semiconductors,shomate,"{""A"": 27.61, ""B"": 0, ""C"": 0, ""D"": 0, ""E"": 0}",1,1211.4,3106.0,72.63,molar,Dinsdale SGTE Data,Liquid phase
Sodium Chloride (liquid),NaCl,Ceramics,shomate,"{""A"": 66.94, ""B"": 0, ""C"": 0, ""D"": 0, ""E"": 0}",1,1074.0,2000.0,58.44,molar,NIST-JANAF Thermochemical Tables,Liquid phase
Iodine (liquid),I2,Other,shomate,"{""A"": 80.33, ""B"": 0, ""C"": 0, ""D"": 0, ""E"": 0}",1,386.85,457.4,253.8,molar,NIST-JANAF Thermochemical Tables,Liquid phase
